Date,Adj. Close
2016-09-12,127.569717
2016-09-13,126.102623
2016-09-14,126.657745
2016-09-15,127.232689
2016-09-16,127.946426
2016-09-19,127.530075
2016-09-20,127.520172
2016-09-21,128.808853
2016-09-22,128.947632
2016-09-23,126.846092
2016-09-26,126.201736
2016-09-27,127.569717
2016-09-28,128.105026
2016-09-29,126.974945
2016-09-30,127.153404
2016-10-03,127.649040
2016-10-04,127.074081
2016-10-05,127.351654
2016-10-06,127.619308
2016-10-07,127.867142
2016-10-10,129.106277
2016-10-11,127.758072
2016-10-12,127.926605
2016-10-13,126.707306
2016-10-14,126.766777
2016-10-17,126.429749
2016-10-18,127.450783
2016-10-19,128.977356
2016-10-20,128.868317
2016-10-21,130.920303
2016-10-24,132.119781
2016-10-25,131.138382
2016-10-26,129.899292
2016-10-27,128.561035
2016-10-28,130.147110
2016-10-31,129.849716
2016-11-01,128.372696
2016-11-02,126.062958
2016-11-03,118.955383
2016-11-04,119.698853
2016-11-07,121.086670
2016-11-08,123.138649
2016-11-09,122.107697
2016-11-10,119.748421
2016-11-11,117.983894
2016-11-14,114.078209
2016-11-15,116.179756
2016-11-16,115.327240
2016-11-17,116.764618
2016-11-18,116.001328
2016-11-21,120.709976
2016-11-22,120.412590
2016-11-23,119.788071
2016-11-25,119.332069
2016-11-28,119.361809
2016-11-29,119.817818
2016-11-30,117.389130
2016-12-01,114.098030
2016-12-02,114.395432
2016-12-05,116.407753
2016-12-06,116.288803
2016-12-07,116.923218
2016-12-08,117.874878
2016-12-09,118.638168
2016-12-12,116.744789
2016-12-13,119.262680
2016-12-14,119.163551
2016-12-15,119.520424
2016-12-16,118.826515
2016-12-19,118.201996
2016-12-20,118.053299
2016-12-21,118.003738
2016-12-22,116.378021
2016-12-23,116.249153
2016-12-27,116.982704
2016-12-28,115.902191
2016-12-29,115.337151
2016-12-30,114.048477
2017-01-03,115.842712
2017-01-04,117.656792
2017-01-05,119.619553
2017-01-06,122.335701
2017-01-09,123.812737
2017-01-10,123.267525
2017-01-11,124.992363
2017-01-12,125.517769
2017-01-13,127.222771
2017-01-17,126.756882
2017-01-18,126.806442
2017-01-19,126.439659
2017-01-20,125.934097
2017-01-23,127.807640
2017-01-24,128.243790
2017-01-25,130.335449
2017-01-26,131.624130
2017-01-27,131.029358
2017-01-30,129.839798
2017-01-31,129.185562
2017-02-01,132.070206
2017-02-02,129.701035
2017-02-03,129.839798
2017-02-06,130.910400
2017-02-07,130.692307
2017-02-08,133.031784
2017-02-09,132.972290
2017-02-10,133.021835
2017-02-13,132.883072
2017-02-14,132.684814
2017-02-15,132.278397
2017-02-16,132.674927
2017-02-17,132.367584
2017-02-21,132.555954
2017-02-22,134.935059
2017-02-23,134.181656
2017-02-24,134.260986
2017-02-27,135.222549
2017-02-28,134.360107
2017-03-01,136.223740
2017-03-02,135.569458
2017-03-03,135.975906
2017-03-06,136.223740
2017-03-07,136.104797
2017-03-08,136.521118
2017-03-09,137.036606
2017-03-10,137.581787
2017-03-13,138.384796
2017-03-14,138.107193
2017-03-15,138.503723
2017-03-16,138.771378
2017-03-17,138.622650
2017-03-20,138.721832
2017-03-21,137.304245
2017-03-22,138.374847
2017-03-23,138.315369
2017-03-24,139.118332
2017-03-27,139.098511
2017-03-28,140.525986
2017-03-29,141.408218
2017-03-30,141.170288
2017-03-31,140.813416
2017-04-03,141.041428
2017-04-04,140.496216
2017-04-05,140.615189
2017-04-06,139.941086
2017-04-07,139.554489
2017-04-10,139.812210
2017-04-11,138.702011
2017-04-12,138.364944
2017-04-13,138.176590
2017-04-17,140.188934
2017-04-18,139.732941
2017-04-19,141.031525
2017-04-20,142.548187
2017-04-21,142.429245
2017-04-24,144.203674
2017-04-25,145.214783
2017-04-26,145.284180
2017-04-27,146.414276
2017-04-28,148.942093
2017-05-01,151.132828
2017-05-02,151.450043
2017-05-03,150.478561
2017-05-04,149.536850
2017-05-05,148.932129
2017-05-08,149.744995
2017-05-09,149.170044
2017-05-10,148.981705
2017-05-11,148.733871
2017-05-12,149.021347
2017-05-15,148.882629
2017-05-16,148.476151
2017-05-17,143.589050
2017-05-18,146.374603
2017-05-19,146.771088
2017-05-22,146.949554
2017-05-23,146.781052
2017-05-24,148.733871
2017-05-25,150.637177
2017-05-26,150.805710
2017-05-30,151.053513
2017-05-31,150.141525
2017-06-01,150.210922
2017-06-02,152.272797
2017-06-05,152.292648
2017-06-06,151.479767
2017-06-07,151.787079
2017-06-08,153.363251
2017-06-09,148.297714
2017-06-12,147.147812
2017-06-13,149.368317
2017-06-14,148.942093
2017-06-15,148.495987
2017-06-16,149.328690
2017-06-19,151.539246
2017-06-20,150.924622
2017-06-21,152.570190
2017-06-22,152.064636
2017-06-23,153.720078
2017-06-26,152.252991
2017-06-27,149.269165
2017-06-28,151.906036
2017-06-29,149.725159
2017-06-30,149.665695
2017-07-03,147.137894
2017-07-05,149.031281
2017-07-06,147.524506
2017-07-07,150.121704
2017-07-10,152.163757
2017-07-11,153.918350
2017-07-12,157.516739
2017-07-13,157.873596
2017-07-14,158.577469
2017-07-17,158.339539
2017-07-18,161.442307
2017-07-19,162.711151
2017-07-20,163.097748
2017-07-21,162.998611
2017-07-24,164.554947
2017-07-25,163.841217
2017-07-26,164.168335
2017-07-27,168.956299
2017-07-28,170.948776
2017-07-31,167.776657
2017-08-01,168.381348
2017-08-02,167.826218
2017-08-03,167.122391
2017-08-04,168.143433
2017-08-07,170.482895
2017-08-08,169.739426
2017-08-09,169.689850
2017-08-10,165.942749
2017-08-11,166.616867
2017-08-14,169.263626
2017-08-15,169.511414
2017-08-16,168.520111
2017-08-17,165.457016
2017-08-18,165.952713
2017-08-21,166.319443
2017-08-22,168.163284
2017-08-23,167.241364
2017-08-24,166.279800
2017-08-25,164.872177
2017-08-28,165.784164
2017-08-29,166.587143
2017-08-30,168.440796
2017-08-31,170.472992
2017-09-01,170.522537
2017-09-05,169.233856
2017-09-06,170.591934
2017-09-07,171.702179
2017-09-08,169.461868
2017-09-11,171.999573
2017-09-12,171.454361
2017-09-13,171.543579
2017-09-14,169.471771
2017-09-15,170.145828
2017-09-18,168.530060
2017-09-19,171.018173
2017-09-20,170.671249
2017-09-21,169.620483
2017-09-22,169.055435
2017-09-25,161.452209
2017-09-26,162.780548
2017-09-27,166.220291
2017-09-28,167.261169
2017-09-29,169.382553
2017-10-02,167.994736
2017-10-03,168.480499
2017-10-04,166.953903
2017-10-05,169.749344
2017-10-06,170.730743
2017-10-09,170.998337
2017-10-10,170.096283
2017-10-11,171.236282
2017-10-12,171.047913
2017-10-13,172.227554
2017-10-16,173.000763
2017-10-17,174.576920
2017-10-18,174.497635
2017-10-19,173.040436
2017-10-20,173.456772
2017-10-23,169.779083
2017-10-24,170.304459
2017-10-25,169.114914
2017-10-26,169.144638
2017-10-27,176.331543
2017-10-30,178.304214
2017-10-31,178.492538
2017-11-01,181.069901
2017-11-02,177.362473
2017-11-03,177.362473
2017-11-06,178.601578
2017-11-07,178.680908
2017-11-08,177.996902
2017-11-09,177.739166
2017-11-10,176.906494
2017-11-13,177.213776
2017-11-14,176.519882
2017-11-15,176.400925
2017-11-16,178.026642
2017-11-17,177.441757
2017-11-20,177.184036
2017-11-21,180.276886
2017-11-22,179.295502
2017-11-24,181.188873
2017-11-27,181.436722
2017-11-28,180.832016
2017-11-29,173.605469
2017-11-30,175.637604
2017-12-01,173.575714
2017-12-04,169.977341
2017-12-05,171.325500
2017-12-06,174.527359
2017-12-07,178.571854
2017-12-08,177.441757
2017-12-11,177.481445
2017-12-12,175.419525
2017-12-13,176.747879
2017-12-14,176.837097
2017-12-15,178.611496
2017-12-18,179.245941
2017-12-19,177.947327
2017-12-20,176.341431
2017-12-21,175.905304
2017-12-22,175.657440
2017-12-26,174.458008
2017-12-27,176.073792
2017-12-28,176.371170
2017-12-29,174.923889
2018-01-02,179.840698
2018-01-03,183.062408
2018-01-04,182.725388
2018-01-05,185.223465
2018-01-08,186.641006
2018-01-09,186.234589
2018-01-10,186.204834
2018-01-11,186.135437
2018-01-12,177.808578
2018-01-16,176.837097
2018-01-17,176.053970
2018-01-18,178.234818
2018-01-19,179.711838
2018-01-22,183.756332
2018-01-23,187.701706
2018-01-24,184.926056
2018-01-25,185.847977
2018-01-26,188.346039
2018-01-29,184.361023
2018-01-30,185.491119
2018-01-31,185.263107
2018-02-01,191.409119
2018-02-02,188.623581
2018-02-05,179.682098
2018-02-06,183.696838
2018-02-07,178.611496
2018-02-08,170.086365
2018-02-09,174.576920
2018-02-12,174.874329
2018-02-13,171.642715
2018-02-14,177.957260
2018-02-15,178.393433
2018-02-16,175.816055
2018-02-20,174.477814
2018-02-21,176.361282
2018-02-22,177.431900
2018-02-23,181.694443
2018-02-26,183.320129
2018-02-27,179.880371
2018-02-28,176.767685
2018-03-01,174.408417
2018-03-02,175.082489
2018-03-05,178.829590
2018-03-06,178.214981
2018-03-07,182.110794
2018-03-08,180.752701
2018-03-09,183.617569
2018-03-12,183.151611
2018-03-13,180.296707
2018-03-14,182.586594
2018-03-15,182.259460
2018-03-16,183.478760
2018-03-19,171.057846
2018-03-20,166.686249
2018-03-21,167.915436
2018-03-22,163.454620
2018-03-23,158.002487
2018-03-26,158.666656
2018-03-27,150.894897
2018-03-28,151.697861
2018-03-29,158.399017
2018-04-02,154.037308
2018-04-03,154.751038
2018-04-04,153.749832
2018-04-05,157.952927
2018-04-06,155.831543
2018-04-09,156.555206
2018-04-10,163.603302
2018-04-11,164.872177
2018-04-12,162.443497
2018-04-13,163.087845
2018-04-16,163.395142
2018-04-17,167.191772
2018-04-18,164.911789
2018-04-19,166.636688
2018-04-20,164.832520
2018-04-23,164.396332
2018-04-24,158.299866
2018-04-25,158.299866
2018-04-26,172.643921
2018-04-27,172.078873
2018-04-30,170.502731
2018-05-01,172.346527
2018-05-02,174.537308
2018-05-03,172.505157
2018-05-04,175.072586
2018-05-07,176.420761
2018-05-08,177.362473
2018-05-09,181.069901
2018-05-10,183.914932
2018-05-11,185.362259
2018-05-14,185.015274
2018-05-15,182.715469
2018-05-16,181.605225
2018-05-17,182.160339
2018-05-18,181.089752
2018-05-21,182.884033
2018-05-22,182.199997
2018-05-23,185.272980
2018-05-24,184.311447
2018-05-25,183.310257
2018-05-29,184.123123
2018-05-30,186.036316
2018-05-31,190.110550
2018-06-01,192.301285
2018-06-04,191.597488
2018-06-05,191.260452
2018-06-06,189.674362
2018-06-07,186.541870
2018-06-08,187.453873
2018-06-11,189.872604
2018-06-12,190.725128
2018-06-13,190.735046
2018-06-14,195.096725
2018-06-15,194.145111
2018-06-18,196.583679
2018-06-19,195.770813
2018-06-20,200.241562
2018-06-21,199.745926
2018-06-22,199.983841
2018-06-25,194.640762
2018-06-26,197.267700
2018-06-27,194.135208
2018-06-28,194.521790
2018-06-29,192.628433
2018-07-02,195.641968
2018-07-03,191.052261
2018-07-05,196.722443
2018-07-06,201.460876
2018-07-09,202.957733
2018-07-10,201.768143
2018-07-11,200.776840
2018-07-12,205.118744
2018-07-13,205.515274
2018-07-16,205.426010
2018-07-17,208.162033
2018-07-18,207.537506
2018-07-19,206.278564
2018-07-20,208.112457
2018-07-23,209.074005
2018-07-24,212.801270
2018-07-25,215.606598
2018-07-26,174.725632
2018-07-27,173.367554
2018-07-30,169.570877
2018-07-31,171.077652
2018-08-01,170.155762
2018-08-02,174.834671
2018-08-03,176.232407
2018-08-06,184.073547
2018-08-07,182.209915
2018-08-08,183.567978
2018-08-09,181.496185
2018-08-10,178.690796
2018-08-13,178.482651
2018-08-14,179.533417
2018-08-15,177.967178
2018-08-16,173.179214
2018-08-17,172.287048
2018-08-20,170.998337
2018-08-21,171.117294
2018-08-22,172.128433
2018-08-23,171.394852
2018-08-24,173.129654
2018-08-27,175.915192
2018-08-28,174.725632
2018-08-29,174.368744
2018-08-30,176.093613
2018-08-31,174.200241
2018-09-04,169.670044
2018-09-05,165.724655
2018-09-06,161.115158
2018-09-07,161.620697
2018-09-10,162.750763
2018-09-11,164.495468
2018-09-12,160.589752
2018-09-13,159.955353
2018-09-14,160.907013
2018-09-17,159.182114
2018-09-18,158.904587
2018-09-19,161.640518
2018-09-20,164.574768
2018-09-21,161.511673
2018-09-24,163.970078
2018-09-25,163.474457
2018-09-26,165.496658
2018-09-27,167.370193
2018-09-28,163.028381
2018-10-01,161.025940
2018-10-02,157.943024
2018-10-03,161.016037
2018-10-04,157.467209
2018-10-05,155.960449
2018-10-08,155.881104
2018-10-09,156.525467
2018-10-10,150.062195
2018-10-11,152.015106
2018-10-12,152.401688
2018-10-15,152.183578
2018-10-16,157.397781
2018-10-17,158.032242
2018-10-18,153.571411
2018-10-19,152.708984
2018-10-22,153.432602
2018-10-23,153.046021
2018-10-24,144.768707
2018-10-25,149.635956
2018-10-26,144.104523
2018-10-29,140.853073
2018-10-30,144.947128
2018-10-31,150.468643
2018-11-01,150.429001
2018-11-02,149.041199
2018-11-05,147.385712
2018-11-06,148.634766
2018-11-07,150.210922
2018-11-08,146.582748
2018-11-09,143.698090
2018-11-12,140.317764
2018-11-13,140.922470
2018-11-14,142.964569
2018-11-15,142.597748
2018-11-16,138.315369
2018-11-19,130.404846
2018-11-20,131.277191
2018-11-21,133.646408
2018-11-23,130.583252
2018-11-26,135.192795
2018-11-27,133.824829
2018-11-28,135.569458
2018-11-29,137.472748
2018-11-30,139.385956
2018-12-03,139.861786
2018-12-04,136.729309
2018-12-06,138.414490
2018-12-07,136.223740
2018-12-10,140.615189
2018-12-11,140.843201
2018-12-12,143.242096
2018-12-13,143.747650
2018-12-14,142.805954
2018-12-17,138.969620
2018-12-18,142.409424
2018-12-19,132.080154
2018-12-20,132.238739
2018-12-21,123.862282
2018-12-24,122.980026
2018-12-26,133.011978
2018-12-27,133.348999
2018-12-28,132.040466
2018-12-31,129.948837
2019-01-02,134.498856
2019-01-03,130.593201
2019-01-04,136.749115
2019-01-07,136.848267
2019-01-08,141.289246
2019-01-09,142.974426
2019-01-10,142.944733
2019-01-11,142.548187
2019-01-14,144.124344
2019-01-15,147.653366
2019-01-16,146.255661
2019-01-17,147.009033
2019-01-18,148.733871
2019-01-22,146.285385
2019-01-23,143.043854
2019-01-24,144.560516
2019-01-25,147.712845
2019-01-28,146.186249
2019-01-29,142.934799
2019-01-30,149.110580
2019-01-31,165.238968
2019-02-01,164.267487
2019-02-04,167.776657
2019-02-05,169.670044
2019-02-06,169.005875
2019-02-07,164.931625
2019-02-08,165.873367
2019-02-11,164.346756
2019-02-12,163.603302
2019-02-13,162.641769
2019-02-14,162.522812
2019-02-15,161.085419
2019-02-19,160.877258
2019-02-20,161.144867
2019-02-21,158.646820
2019-02-22,160.480759
2019-02-25,163.186966
2019-02-26,162.701202
2019-02-27,161.392731
2019-02-28,160.044540
2019-03-01,160.867340
2019-03-04,165.913040
2019-03-05,169.769180
2019-03-06,171.008301
2019-03-07,167.657730
2019-03-08,168.123596
2019-03-11,170.572113
2019-03-12,170.423416
2019-03-13,171.860779
2019-03-14,168.688660
2019-03-15,164.535126
2019-03-18,159.073105
2019-03-19,160.163528
2019-03-20,163.999847
2019-03-21,164.634247
2019-03-22,162.909393
2019-03-25,164.842407
2019-03-26,166.220291
2019-03-27,164.426086
2019-03-28,164.108871
2019-03-29,165.238968
2019-04-01,167.231445
2019-04-02,172.683563
2019-04-03,172.029312
2019-04-04,174.487732
2019-04-05,174.190338
2019-04-08,173.407227
2019-04-09,176.034149
2019-04-10,176.272064
2019-04-11,175.964752
2019-04-12,177.540909
2019-04-15,178.086136
2019-04-16,177.312912
2019-04-17,177.223694
2019-04-18,176.728043
2019-04-22,179.860535
2019-04-23,182.180176
2019-04-24,180.990616
2019-04-25,191.577637
2019-04-26,189.823074
2019-04-29,193.084412
2019-04-30,191.716431
2019-05-01,191.349640
2019-05-02,190.854004
2019-05-03,193.768387
2019-05-06,192.192261
2019-05-07,188.118027
2019-05-08,187.890030
2019-05-09,187.007767
2019-05-10,186.700470
2019-05-13,179.959671
2019-05-14,179.156723
2019-05-15,184.648514
2019-05-16,185.362259
2019-05-17,183.686951
2019-05-20,181.129395
2019-05-21,183.211136
2019-05-22,183.706787
2019-05-23,179.295502
2019-05-24,179.483871
2019-05-28,182.705551
2019-05-29,180.604034
2019-05-30,181.416870
2019-05-31,175.925095
2019-06-03,162.721024
2019-06-04,166.041885
2019-06-05,166.706070
2019-06-06,166.864655
2019-06-07,171.840958
2019-06-10,173.298172
2019-06-11,176.549606
2019-06-12,173.516235
2019-06-13,175.925095
2019-06-14,179.751480
2019-06-17,187.364655
2019-06-18,186.829346
2019-06-19,185.847977
2019-06-20,187.880112
2019-06-21,189.476120
2019-06-24,190.923416
2019-06-25,187.196121
2019-06-26,186.026382
2019-06-27,187.850372
2019-06-28,191.319901
2019-07-01,191.319901
2019-07-02,193.302505
2019-07-03,195.483353
2019-07-05,194.690308
2019-07-08,194.055893
2019-07-09,197.475876
2019-07-10,200.965195
2019-07-11,199.478256
2019-07-12,203.086563
2019-07-15,202.134933
2019-07-16,202.065536
2019-07-17,200.043320
2019-07-18,199.032196
2019-07-19,196.633270
2019-07-22,200.558792
2019-07-23,200.598419
2019-07-24,202.878403
2019-07-25,198.962814
2019-07-26,198.011154
2019-07-29,194.234329
2019-07-30,195.324738
2019-07-31,192.539185
2019-08-01,191.052261
2019-08-02,187.374557
2019-08-05,180.148010
2019-08-06,182.903793
2019-08-07,183.538254
2019-08-08,188.504654
2019-08-09,186.214737
2019-08-12,183.756332
2019-08-13,186.809540
2019-08-14,178.145599
2019-08-15,181.000549
2019-08-16,182.100845
2019-08-19,184.549362
2019-08-20,182.209915
2019-08-21,181.952164
2019-08-22,180.455292
2019-08-23,176.202652
2019-08-26,178.789932
2019-08-27,179.721756
2019-08-28,180.177750
2019-08-29,183.954605
2019-08-30,184.053696
2019-09-03,180.802277
2019-09-04,185.510925
2019-09-05,189.238190
2019-09-06,185.857880
2019-09-09,187.116821
2019-09-10,184.549362
2019-09-11,186.849152
2019-09-12,185.838043
2019-09-13,185.560486
2019-09-16,184.598938
2019-09-17,186.442749
2019-09-18,186.502197
2019-09-19,188.484802
2019-09-20,188.276611
2019-09-23,185.193741
2019-09-24,179.701920
2019-09-25,181.208710
2019-09-26,178.542130
2019-09-27,175.558334
2019-09-30,176.529785
2019-10-01,174.279572
2019-10-02,173.080078
2019-10-03,177.818481
2019-10-04,178.879181
2019-10-07,178.115845
2019-10-08,176.202652
2019-10-09,178.284393
2019-10-10,178.462814
2019-10-11,182.586594
2019-10-14,181.684509
2019-10-15,187.245651
2019-10-16,187.899933
2019-10-17,188.732635
2019-10-18,184.232162
2019-10-21,188.108124
2019-10-22,180.752701
2019-10-23,184.529541
2019-10-24,184.757553
2019-10-25,186.254410
2019-10-28,187.751236
2019-10-29,187.662018
2019-10-30,186.611267
2019-10-31,189.981674
2019-11-01,191.934509
2019-11-04,193.024963
2019-11-05,192.628433
2019-11-06,189.882523
2019-11-07,188.762405
2019-11-08,189.178711
2019-11-11,187.959412
2019-11-12,192.777115
2019-11-13,191.508240
2019-11-14,191.468613
2019-11-15,193.401642
2019-11-18,195.681610
2019-11-19,197.584930
2019-11-20,195.790634
2019-11-21,196.207001
2019-11-22,197.089279
2019-11-25,198.050797
2019-11-26,197.237930
2019-11-27,200.241562
2019-11-29,199.884720
2019-12-02,197.961594
2019-12-03,197.089279
2019-12-04,196.980209
2019-12-05,197.624527
2019-12-06,199.299866
2019-12-09,199.587296
2019-12-10,199.121384
2019-12-11,200.499313
2019-12-12,195.037262
2019-12-13,192.420242
2019-12-16,196.197067
2019-12-17,196.662994
2019-12-18,200.737213
2019-12-19,204.266235
2019-12-20,204.504120
2019-12-23,204.385162
2019-12-24,203.334396
2019-12-26,205.981171
2019-12-27,206.288452
2019-12-30,202.630585
2019-12-31,203.463272
2020-01-02,207.953842
2020-01-03,206.853485
2020-01-06,210.749298
2020-01-07,211.205276
2020-01-08,213.346481
2020-01-09,216.399673
2020-01-10,216.161774
2020-01-13,219.978241
2020-01-14,217.153046
2020-01-15,219.224869
2020-01-16,219.839462
2020-01-17,220.206223
2020-01-21,219.512344
2020-01-22,219.393387
2020-01-23,217.846970
2020-01-24,216.042816
2020-01-27,212.999512
2020-01-28,215.894089
2020-01-29,221.286774
2020-01-30,207.705994
2020-01-31,200.152328
2020-02-03,202.412491
2020-02-04,208.003387
2020-02-05,208.280960
2020-02-06,209.014526
2020-02-07,210.481628
2020-02-10,211.205276
2020-02-11,205.386398
2020-02-12,208.925308
2020-02-13,211.284607
2020-02-14,212.315536
2020-02-18,215.904053
2020-02-19,215.596741
2020-02-20,212.712051
2020-02-21,208.350357
2020-02-24,198.972702
2020-02-25,195.057098
2020-02-26,195.483353
2020-02-27,188.098206
2020-02-28,190.794540
2020-03-02,194.729965
2020-03-03,184.271820
2020-03-04,190.090714
2020-03-05,183.558075
2020-03-06,179.513596
2020-03-09,168.024460
2020-03-10,176.638840
2020-03-11,168.758057
2020-03-12,153.125336
2020-03-13,168.797684
2020-03-16,144.738937
2020-03-17,148.119263
2020-03-18,145.680695
2020-03-19,151.796982
2020-03-20,148.426590
2020-03-23,146.810776
2020-03-24,159.578659
2020-03-25,154.850159
2020-03-26,161.918106
2020-03-27,155.425110
2020-03-30,164.505386
2020-03-31,165.347977
2020-04-01,158.210663
2020-04-02,156.812943
2020-04-03,152.837830
2020-04-06,164.108871
2020-04-07,167.360321
2020-04-08,172.762863
2020-04-09,173.664963
2020-04-13,173.268448
2020-04-14,176.619003
2020-04-15,175.429474
2020-04-16,174.715729
2020-04-17,177.679703
2020-04-20,176.688385
2020-04-21,169.313141
2020-04-22,180.693237
2020-04-23,183.518433
2020-04-24,188.415436
2020-04-27,185.867813
2020-04-28,181.317749
2020-04-29,192.499557
2020-04-30,202.927963
2020-05-01,200.509216
2020-05-04,203.473175
2020-05-05,205.267441
2020-05-06,206.655228
2020-05-07,209.420929
2020-05-08,210.501450
2020-05-11,211.324249
2020-05-12,208.271057
2020-05-13,203.314590
2020-05-14,205.009720
2020-05-15,209.044281
2020-05-18,211.334167
2020-05-19,214.992035
2020-05-20,227.968094
2020-05-21,229.375717
2020-05-22,232.865097
2020-05-26,230.178665
2020-05-27,227.145294
2020-05-28,223.497330
2020-05-29,223.130554
2020-06-01,229.891220
2020-06-02,230.694138
2020-06-03,228.156418
2020-06-04,224.320129
2020-06-05,228.761124
2020-06-08,229.385651
2020-06-09,236.592361
2020-06-10,234.669235
2020-06-11,222.476303
2020-06-12,226.590179
2020-06-15,230.476044
2020-06-16,233.598648
2020-06-17,233.479675
2020-06-18,233.886124
2020-06-19,236.711319
2020-06-22,237.137573
2020-06-23,240.131271
2020-06-24,231.982834
2020-06-25,233.628372
2020-06-26,214.198990
2020-06-29,218.719315
2020-06-30,225.093353
2020-07-01,235.482071
2020-07-02,231.388046
2020-07-06,238.188339
2020-07-07,238.763290
2020-07-08,241.459610
2020-07-09,242.371582
2020-07-10,242.936646
2020-07-13,236.919479
2020-07-14,237.643112
2020-07-15,238.188339
2020-07-16,238.832657
2020-07-17,239.923111
2020-07-20,243.283554
2020-07-21,239.645554
2020-07-22,237.781891
2020-07-23,230.575211
2020-07-24,228.701645
2020-07-27,231.467361
2020-07-28,228.116760
2020-07-29,231.259186
2020-07-30,232.458649
2020-07-31,251.461807
2020-08-03,249.766663
2020-08-04,247.655182
2020-08-05,246.951370
2020-08-06,262.970703
2020-08-07,266.103210
2020-08-10,260.710541
2020-08-11,253.900375
2020-08-12,257.627655
2020-08-13,259.025330
2020-08-14,258.965881
2020-08-17,258.886566
2020-08-18,260.056305
2020-08-19,260.304108
2020-08-20,266.668213
2020-08-21,264.685669
2020-08-24,269.027557
2020-08-25,278.375397
2020-08-26,301.264465
2020-08-27,290.667511
2020-08-28,291.103638
2020-08-31,290.647614
2020-09-01,292.868164
2020-09-02,299.866699
2020-09-03,288.585724
2020-09-04,280.268799
2020-09-08,268.799561
2020-09-09,271.337250
2020-09-10,265.756226
2020-09-11,264.289093
2020-09-14,263.833130
2020-09-15,270.048523
2020-09-16,261.226013
2020-09-17,252.601761
2020-09-18,250.331711
2020-09-21,245.989822
2020-09-22,252.532379
2020-09-23,246.852249
2020-09-24,247.357803
2020-09-25,252.601761
2020-09-28,254.584351
2020-09-29,259.511108
2020-09-30,259.620148
2020-10-01,264.308990
2020-10-02,257.677185
2020-10-05,262.346222
2020-10-06,256.408325
2020-10-07,255.873032
2020-10-08,261.463959
2020-10-09,262.147980
2020-10-12,273.349548
2020-10-13,273.736145
2020-10-14,269.453827
2020-10-15,264.398193
2020-10-16,263.615051
2020-10-19,259.124512
2020-10-20,265.230896
2020-10-21,276.303650
2020-10-22,275.698914
2020-10-23,282.310852
2020-10-26,274.697723
2020-10-27,280.823944
2020-10-28,265.339935
2020-10-29,278.385376
2020-10-30,260.819580
2020-11-02,259.084778
2020-11-03,262.990479
2020-11-04,284.878326
2020-11-05,292.114777
2020-11-06,290.855865
2020-11-09,276.343262
2020-11-10,270.058411
2020-11-11,274.073212
2020-11-12,272.685364
2020-11-13,274.539124
2020-11-16,276.531555
2020-11-17,272.606110
2020-11-18,269.602448
2020-11-19,270.564026
2020-11-20,267.352234
2020-11-23,266.093292
2020-11-24,274.509430
2020-11-25,273.190948
2020-11-27,275.391632
2020-11-30,274.558929
2020-12-01,284.055542
2020-12-02,285.017090
2020-12-03,279.396454
2020-12-04,277.265198
2020-12-07,283.093964
2020-12-08,280.932953
2020-12-09,275.500702
2020-12-10,274.707611
2020-12-11,271.168701
2020-12-14,271.803131
2020-12-15,273.151306
2020-12-16,273.270264
2020-12-17,272.090607
2020-12-18,273.993866
2020-12-21,270.415344
2020-12-22,264.764954
2020-12-23,265.776093
2020-12-24,265.072235
2020-12-28,274.588715
2020-12-29,274.370575
2020-12-30,269.503326
2020-12-31,270.782104
2021-01-04,266.598846
2021-01-05,268.611176
2021-01-06,261.017822
2021-01-07,266.400604
2021-01-08,265.240814
2021-01-11,254.604156
2021-01-12,248.904221
2021-01-13,249.449417
2021-01-14,243.501678
2021-01-15,249.171875
2021-01-19,258.827087
2021-01-20,265.151550
2021-01-21,270.494659
2021-01-22,272.110443
2021-01-25,275.589935
2021-01-26,279.594727
2021-01-27,269.770996
2021-01-28,262.693146
2021-01-29,256.081238
2021-02-01,259.729187
2021-02-02,264.755035
2021-02-03,264.328766
2021-02-04,264.170166
2021-02-05,265.766144
2021-02-08,264.259338
2021-02-09,267.104431
2021-02-10,269.503326
2021-02-11,268.036285
2021-02-12,268.145264
2021-02-16,271.585083
2021-02-17,271.188538
2021-02-18,267.044922
2021-02-19,259.283081
2021-02-22,258.063843
2021-02-23,263.545654
2021-02-24,262.009186
2021-02-25,252.472885
2021-02-26,255.377411
2021-03-01,262.603882
2021-03-02,256.745392
2021-03-03,253.186615
2021-03-04,255.397232
2021-03-05,261.979401
2021-03-08,253.087509
2021-03-09,263.426666
2021-03-10,262.594055
2021-03-11,271.495880
2021-03-12,266.063568
2021-03-15,271.366913
2021-03-16,276.848785
2021-03-17,281.537720
2021-03-18,276.194519
2021-03-19,287.584564
2021-03-22,290.984680
2021-03-23,288.100067
2021-03-24,279.683899
2021-03-25,276.313507
2021-03-26,280.556305
2021-03-29,288.288330
2021-03-30,285.492920
2021-03-31,291.966095
2021-04-01,296.060120
2021-04-05,306.220917
2021-04-06,303.593964
2021-04-07,310.364471
2021-04-08,310.295105
2021-04-09,309.739960
2021-04-12,308.828033
2021-04-13,307.063507
2021-04-14,300.183899
2021-04-15,305.140381
2021-04-16,303.514679
2021-04-19,299.608978
2021-04-20,300.015381
2021-04-21,298.845673
2021-04-22,293.938751
2021-04-23,298.508636
2021-04-26,300.402039
2021-04-27,300.927399
2021-04-28,304.426666
2021-04-29,326.641541
2021-04-30,322.250092
2021-05-03,319.771912
2021-05-04,315.588623
2021-05-05,312.277679
2021-05-06,317.234161
2021-05-07,316.302368
2021-05-10,303.306458
2021-05-11,303.861603
2021-05-12,299.916229
2021-05-13,302.602661
2021-05-14,313.189728
2021-05-17,312.713837
2021-05-18,307.261749
2021-05-19,310.860168
2021-05-20,315.836426
2021-05-21,313.477142
2021-05-24,321.804016
2021-05-25,324.936584
2021-05-26,324.807678
2021-05-27,329.853363
2021-05-28,325.868378
2021-06-01,326.264862
2021-06-02,326.284790
2021-06-03,323.201752
2021-06-04,327.474243
2021-06-07,333.650024
2021-06-08,330.775269
2021-06-09,327.375153
2021-06-10,329.565857
2021-06-11,328.376343
2021-06-14,333.838348
2021-06-15,333.818542
2021-06-16,328.197845
2021-06-17,333.580658
2021-06-18,326.790283
2021-06-21,329.397400
2021-06-22,336.078735
2021-06-23,337.625153
2021-06-24,340.192566
2021-06-25,338.398315
2021-06-28,352.544128
2021-06-29,348.826752
2021-06-30,344.683136
2021-07-01,351.305023
2021-07-02,351.612305
2021-07-06,349.709015
2021-07-07,347.438873
2021-07-08,342.641022
2021-07-09,347.369537
2021-07-12,350.085663
2021-07-13,349.024994
2021-07-14,344.603821
2021-07-15,341.461487
2021-07-16,338.190186
2021-07-19,334.016815
2021-07-20,338.685791
2021-07-21,343.216064
2021-07-22,348.132904
2021-07-23,366.570892
2021-07-26,369.217682
2021-07-27,364.608124
2021-07-28,370.030548
2021-07-29,355.200775
2021-07-30,353.198334
2021-08-02,348.886261
2021-08-03,348.182404
2021-08-04,355.795563
2021-08-05,359.810272
2021-08-06,360.345642
2021-08-09,358.462158
2021-08-10,357.986328
2021-08-11,356.826508
2021-08-12,359.493103
2021-08-13,360.018463
2021-08-16,363.369019
2021-08-17,355.329620
2021-08-18,352.355804
2021-08-19,352.028595
2021-08-20,356.241638
2021-08-23,360.187012
2021-08-24,362.328186
2021-08-25,365.183197
2021-08-26,361.208069
2021-08-27,369.386261
2021-08-30,377.346344
2021-08-31,376.077484
2021-09-01,378.724213
2021-09-02,372.013123
2021-09-03,372.984619
2021-09-07,378.853027
2021-09-08,374.283173
2021-09-09,374.709503
2021-09-10,375.393463
2021-09-13,373.232452
2021-09-14,373.252228
2021-09-15,370.665039
2021-09-16,369.812500
2021-09-17,361.545044
2021-09-20,352.603638
2021-09-21,354.368073
2021-09-22,340.222290
2021-09-23,342.948334
2021-09-24,349.887390
2021-09-27,350.502014
2021-09-28,337.684570
2021-09-29,336.653625
2021-09-30,336.435577
2021-10-01,340.024048
2021-10-04,323.390137
2021-10-05,330.061523
2021-10-06,330.735657
2021-10-07,326.354126
2021-10-08,327.176880
2021-10-11,322.616913
2021-10-12,320.951508
2021-10-13,321.714844
2021-10-14,325.670074
2021-10-15,321.932953
2021-10-18,332.420868
2021-10-19,337.030396
2021-10-20,337.813507
2021-10-21,338.903900
2021-10-22,321.784241
2021-10-25,325.828735
2021-10-26,313.060822
2021-10-27,309.502075
2021-10-28,314.161163
2021-10-29,320.753296
2021-11-01,327.107574
2021-11-02,325.223999
2021-11-03,328.733246
2021-11-04,332.926422
2021-11-05,338.160461
2021-11-08,335.672272
2021-11-09,332.450562
2021-11-10,324.787872
2021-11-11,324.886993
2021-11-12,337.922516
2021-11-15,344.534393
2021-11-16,339.974426
2021-11-17,337.803528
2021-11-18,335.741699
2021-11-19,342.294067
2021-11-22,338.041504
2021-11-23,334.314178
2021-11-24,338.091003
2021-11-26,330.220184
2021-11-29,335.087463
2021-11-30,321.635559
2021-12-01,307.896149
2021-12-02,307.688019
2021-12-03,304.168915
2021-12-06,315.102875
2021-12-07,319.999878
2021-12-08,327.682434
2021-12-09,326.948914
2021-12-10,326.879517
2021-12-13,331.578186
2021-12-14,330.834717
2021-12-15,338.685791
2021-12-16,331.984589
2021-12-17,330.884277
2021-12-20,322.616913
2021-12-21,331.290710
2021-12-22,327.573395
2021-12-23,332.321655
2021-12-27,343.166473
2021-12-28,343.206146
2021-12-29,339.954681
2021-12-30,341.362305
2021-12-31,333.422058
2022-01-03,335.592987
2022-01-04,333.600494
2022-01-05,321.348083
2022-01-06,329.565857
2022-01-07,328.901733
2022-01-10,325.214081
2022-01-11,331.459290
2022-01-12,330.358917
2022-01-13,323.637939
2022-01-14,329.010773
2022-01-18,315.380493
2022-01-19,316.807892
2022-01-20,313.804291
2022-01-21,300.530914
2022-01-24,306.022644
2022-01-25,297.537170
2022-01-26,292.065216
2022-01-27,292.075165
2022-01-28,299.083557
2022-01-31,310.533051
2022-02-01,316.223053
2022-02-02,320.188232
2022-02-03,235.690262
2022-02-04,235.026108
2022-02-07,222.952133
2022-02-08,218.263306
2022-02-09,229.980408
2022-02-10,226.084641
2022-02-11,217.638763
2022-02-14,215.804886
2022-02-15,219.076172
2022-02-16,214.654968
2022-02-17,205.901855
2022-02-18,204.365356
2022-02-22,200.320877
2022-02-23,196.722443
2022-02-24,205.792831
2022-02-25,208.647736
2022-02-28,209.192932
2022-03-01,201.718628
2022-03-02,206.298370
2022-03-03,201.203094
2022-03-04,198.318451
2022-03-07,185.838043
2022-03-08,188.633499
2022-03-09,196.772049
2022-03-10,193.510681
2022-03-11,185.976822
2022-03-14,185.005386
2022-03-15,190.358353
2022-03-16,201.857376
2022-03-17,206.030731
2022-03-18,214.605438
2022-03-21,209.648956
2022-03-22,214.764023
2022-03-23,211.601822
2022-03-24,217.658600
2022-03-25,219.889023
2022-03-28,221.643646
2022-03-29,227.859024
2022-03-30,225.866562
2022-03-31,220.424332
2022-04-01,222.892670
2022-04-04,231.853928
2022-04-05,229.821793
2022-04-06,221.356155
2022-04-07,221.009201
2022-04-08,220.394592
2022-04-11,214.575684
2022-04-12,212.275894
2022-04-13,213.118484
2022-04-14,208.350357
2022-04-18,208.935242
2022-04-19,215.418274
2022-04-20,198.675308
2022-04-21,186.432846
2022-04-22,182.507309
2022-04-25,185.362259
2022-04-26,179.374786
2022-04-27,173.427032
2022-04-28,203.939087
2022-04-29,198.724869
2022-05-02,209.292114
2022-05-03,210.184235
2022-05-04,221.465210
2022-05-05,206.466904
2022-05-06,201.996140
2022-05-09,194.501968
2022-05-10,195.929413
2022-05-11,187.097000
2022-05-12,189.575241
2022-05-13,196.890991
2022-05-16,198.298615
2022-05-17,200.856186
2022-05-18,190.566544
2022-05-19,189.624786
2022-05-20,191.855225
2022-05-23,194.521790
2022-05-24,179.701920
2022-05-25,182.229736
2022-05-26,189.961838
2022-05-27,193.431381
2022-05-31,191.954330
2022-06-01,186.997894
2022-06-02,197.128891
2022-06-03,189.119247
2022-06-06,192.559021
2022-06-07,193.946838
2022-06-08,194.928207
2022-06-09,182.398239
2022-06-10,174.041656
2022-06-13,162.830093
2022-06-14,162.304703
2022-06-15,167.875793
2022-06-16,159.469604
2022-06-17,162.314636
2022-06-21,155.682861
2022-06-22,154.493317
2022-06-23,157.368073
2022-06-24,168.678726
2022-06-27,168.014572
2022-06-28,159.281250
2022-06-29,162.512878
2022-06-30,159.846313
2022-07-01,158.636902
2022-07-05,166.725876
2022-07-06,168.292145
2022-07-07,170.691071
2022-07-08,169.392471
2022-07-11,161.462112
2022-07-12,161.848709
2022-07-13,162.066788
2022-07-14,156.674133
2022-07-15,163.266266
2022-07-18,165.774231
2022-07-19,174.249802
2022-07-20,181.496185
2022-07-21,181.575470
2022-07-22,167.796494
2022-07-25,165.199280
2022-07-26,157.764587
2022-07-27,168.103775
2022-07-28,159.320923
2022-07-29,157.714996
2022-08-01,158.537796
2022-08-02,158.795517
2022-08-03,167.330597
2022-08-04,169.085159
2022-08-05,165.655289
2022-08-08,168.767944
2022-08-09,167.062927
2022-08-10,176.787506
2022-08-11,175.944946
2022-08-12,178.928726
2022-08-15,179.315353
2022-08-16,177.907700
2022-08-17,173.327896
2022-08-18,173.139542
2022-08-19,166.497879
2022-08-22,161.630646
2022-08-23,159.707535
2022-08-24,161.838821
2022-08-25,167.310745
2022-08-26,160.371689
2022-08-29,157.784439
2022-08-30,155.791901
2022-08-31,161.511673
2022-09-01,163.920532
2022-09-02,158.924393
2022-09-06,157.159897
2022-09-07,158.993805
2022-09-08,160.649246
2022-09-09,167.677536
2022-09-12,167.489197
2022-09-13,151.796982
2022-09-14,150.151459
2022-09-15,148.248154
2022-09-16,145.016525
2022-09-19,146.731476
2022-09-20,144.818253
2022-09-21,140.882828
2022-09-22,141.576736
2022-09-23,139.187698
2022-09-26,135.182877
2022-09-27,133.230026
2022-09-28,140.377274
2022-09-29,135.222549
2022-09-30,134.498856
2022-10-03,137.403397
2022-10-04,139.058868
2022-10-05,137.770157
2022-10-06,137.859390
2022-10-07,132.288284
2022-10-10,132.625320
2022-10-11,127.421043
2022-10-12,126.390091
2022-10-13,129.155823
2022-10-14,125.656540
2022-10-17,132.873169
2022-10-18,131.643936
2022-10-19,132.070206
2022-10-20,130.384995
2022-10-21,128.878250
2022-10-24,128.590790
2022-10-25,136.312943
2022-10-26,128.689911
2022-10-27,97.087418
2022-10-28,98.336441
2022-10-31,92.349037
2022-11-01,94.371284
2022-11-02,89.751831
2022-11-03,88.136032
2022-11-04,89.999657
2022-11-07,95.878052
2022-11-08,95.630226
2022-11-09,100.586693
2022-11-10,110.896156
2022-11-11,112.036148
2022-11-14,113.225693
2022-11-15,116.060806
2022-11-16,112.244331
2022-11-17,110.479813
2022-11-18,111.074593
2022-11-21,108.903656
2022-11-22,110.469910
2022-11-23,111.262932
2022-11-25,110.440170
2022-11-28,107.833061
2022-11-29,108.507141
2022-11-30,117.071930
2022-12-01,119.391548
2022-12-02,122.414993
2022-12-05,121.364235
2022-12-06,113.126572
2022-12-07,112.938225
2022-12-08,114.326042
2022-12-09,114.891083
2022-12-12,113.711441
2022-12-13,119.104073
2022-12-14,120.531540
2022-12-15,115.138885
2022-12-16,118.390343
2022-12-19,113.483444
2022-12-20,116.070709
2022-12-21,118.717484
2022-12-22,116.100456
2022-12-23,117.012451
2022-12-27,115.862534
2022-12-28,114.613518
2022-12-29,119.213127
2022-12-30,119.292419
2023-01-03,123.654114
2023-01-04,126.261238
2023-01-05,125.834969
2023-01-06,128.888153
2023-01-09,128.342972
2023-01-10,131.832306
2023-01-11,131.733154
2023-01-12,135.519928
2023-01-13,135.787582
2023-01-17,134.181656
2023-01-18,131.862061
2023-01-19,134.964798
2023-01-20,138.156754
2023-01-23,142.022797
2023-01-24,141.893921
2023-01-25,140.268204
2023-01-26,146.017746
2023-01-27,150.419083
2023-01-30,145.779831
2023-01-31,147.673203
2023-02-01,151.787079
2023-02-02,187.126740
2023-02-03,184.906250
2023-02-06,184.440338
2023-02-07,189.951920
2023-02-08,181.833206
2023-02-09,176.371170
2023-02-10,172.634003
2023-02-13,177.868027
2023-02-14,177.917587
2023-02-15,175.617798
2023-02-16,170.938889
2023-02-17,171.375061
2023-02-21,170.582016
2023-02-22,169.630371
2023-02-23,170.542374
2023-02-24,168.906754
2023-02-27,168.064133
2023-02-28,173.417130
2023-03-01,171.910355
2023-03-02,173.010696
2023-03-03,183.637360
2023-03-06,183.290405
2023-03-07,182.903793
2023-03-08,183.359818
2023-03-09,180.108368
2023-03-10,177.947327
2023-03-13,179.325226
2023-03-14,192.331055
2023-03-15,196.028595
2023-03-16,203.146027
2023-03-17,193.907196
2023-03-20,196.088043
2023-03-21,200.400192
2023-03-22,198.070602
2023-03-23,202.501724
2023-03-24,204.216675
2023-03-27,201.074234
2023-03-28,198.933044
2023-03-29,203.562424
2023-03-30,206.030731
2023-03-31,210.095032
2023-04-03,211.215195
2023-04-04,212.850830
2023-04-05,209.639038
2023-04-06,214.218842
2023-04-10,212.880569
2023-04-11,211.988419
2023-04-12,212.137131
2023-04-13,218.431824
2023-04-14,219.561920
2023-04-17,216.954819
2023-04-18,215.993256
2023-04-19,213.822281
2023-04-20,211.215195
2023-04-21,211.036789
2023-04-24,210.937622
2023-04-25,205.743256
2023-04-26,207.577148
2023-04-27,236.483307
2023-04-28,238.227982
2023-05-01,241.063080
2023-05-02,237.157394
2023-05-03,234.966629
2023-05-04,231.487183
2023-05-05,230.753601
2023-05-08,231.239349
2023-05-09,231.338486
2023-05-10,231.051010
2023-05-11,233.737411
2023-05-12,231.774658
2023-05-15,236.780685
2023-05-16,236.741058
2023-05-17,240.379105
2023-05-18,244.701141
2023-05-19,243.501678
2023-05-22,246.158371
2023-05-23,244.592102
2023-05-24,247.040619
2023-05-25,250.490311
2023-05-26,259.758911
2023-05-30,260.234741
2023-05-31,262.415649
2023-06-01,270.236847
2023-06-02,270.236847
2023-06-05,269.027557
2023-06-06,268.759857
2023-06-07,261.305298
2023-06-08,262.276764
2023-06-09,262.643585
2023-06-12,268.690521
2023-06-13,268.958221
2023-06-14,270.970428
2023-06-15,279.376617
2023-06-16,278.553864
2023-06-20,281.854858
2023-06-21,279.188324
2023-06-22,282.400116
2023-06-23,286.216614
2023-06-26,276.045868
2023-06-27,284.551178
2023-06-28,282.806519
2023-06-29,279.079254
2023-06-30,284.481812
2023-07-03,283.530151
2023-07-05,291.807465
2023-07-06,289.448151
2023-07-07,288.000916
2023-07-10,291.539764
2023-07-11,295.693390
2023-07-12,306.647125
2023-07-13,310.681732
2023-07-14,306.181274
2023-07-17,307.916016
2023-07-18,309.333588
2023-07-19,313.259094
2023-07-20,299.886536
2023-07-21,291.698425
2023-07-24,289.071472
2023-07-25,291.906616
2023-07-26,295.970886
2023-07-27,308.996521
2023-07-28,322.646606
2023-07-31,315.826538
2023-08-01,319.900726
2023-08-02,311.573853
2023-08-03,310.463654
2023-08-04,308.025055
2023-08-07,313.804291
2023-08-08,309.918396
2023-08-09,302.553101
2023-08-10,303.078491
2023-08-11,299.014191
2023-08-14,303.524536
2023-08-15,299.321472
2023-08-16,291.728180
2023-08-17,282.608246
2023-08-18,280.784302
2023-08-21,287.376373
2023-08-22,285.096375
2023-08-23,291.678558
2023-08-24,284.253815
2023-08-25,283.014648
2023-08-28,287.733246
2023-08-29,295.395966
2023-08-30,292.531097
2023-08-31,293.314240
2023-09-01,293.799896
2023-09-05,297.537170
2023-09-06,296.565735
2023-09-07,296.070038
2023-09-08,295.296844
2023-09-11,304.882660
2023-09-12,299.034027
2023-09-13,302.404449
2023-09-14,309.006470
2023-09-15,297.695801
2023-09-18,299.916229
2023-09-19,302.414368
2023-09-20,297.061310
2023-09-21,293.155640
2023-09-22,296.476440
2023-09-25,298.211243
2023-09-26,296.357544
2023-09-27,295.148132
2023-09-28,301.314026
2023-09-29,297.596649
2023-10-02,304.149078
2023-10-03,298.320251
2023-10-04,302.919830
2023-10-05,302.136749
2023-10-06,312.684113
2023-10-09,315.588623
2023-10-10,319.038269
2023-10-11,324.966339
2023-10-12,321.338104
2023-10-13,311.950592
2023-10-16,318.354370
2023-10-17,321.179504
2023-10-18,314.210724
2023-10-19,310.087006
2023-10-20,305.963165
2023-10-23,311.276489
2023-10-24,309.829224
2023-10-25,296.922546
2023-10-26,285.839905
2023-10-27,294.146942
2023-10-30,300.025330
2023-10-31,298.647400
2023-11-01,309.135315
2023-11-02,308.163818
2023-11-03,311.861328
2023-11-06,313.050934
2023-11-07,316.044647
2023-11-08,316.996307
2023-11-09,317.759552
2023-11-10,325.908020
2023-11-13,326.324310
2023-11-14,333.382416
2023-11-15,329.813751
2023-11-16,331.280853
2023-11-17,332.123413
2023-11-20,337.010498
2023-11-21,334.046539
2023-11-22,338.517303
2023-11-24,335.285706
2023-11-27,331.786438
2023-11-28,336.039124
2023-11-29,329.308136
2023-11-30,324.302094
2023-12-01,321.992462
2023-12-04,317.234161
2023-12-05,315.519226
2023-12-06,314.686554
2023-12-07,323.746979
2023-12-08,329.853363
2023-12-11,322.448395
2023-12-12,331.310577
2023-12-13,331.826080
2023-12-14,330.269684
2023-12-15,332.004486
2023-12-18,341.620056
2023-12-19,347.310089
2023-12-20,346.239441
2023-12-21,351.007568
2023-12-22,350.313690
2023-12-26,351.741211
2023-12-27,354.715057
2023-12-28,355.200775
2023-12-29,350.878723
2024-01-02,343.275452
2024-01-03,341.471313
2024-01-04,344.098267
2024-01-05,348.886261
2024-01-08,355.537842
2024-01-09,354.318542
2024-01-10,367.244995
2024-01-11,366.451996
2024-01-12,371.229980
2024-01-16,364.261230
2024-01-17,365.163269
2024-01-18,372.855743
2024-01-19,380.112000
2024-01-22,378.456543
2024-01-23,381.846832
2024-01-24,387.298889
2024-01-25,389.757324
2024-01-26,390.709015
2024-01-29,397.529053
2024-01-30,396.577454
2024-01-31,386.743774
2024-02-01,391.343384
2024-02-02,470.855103
2024-02-05,455.410736
2024-02-06,450.761566
2024-02-07,465.502197
2024-02-08,465.908569
2024-02-09,464.035034
2024-02-12,464.818207
2024-02-13,456.114563
2024-02-14,469.160004
2024-02-15,479.816528
2024-02-16,469.199707
2024-02-20,467.643341
2024-02-21,464.448029
2024-02-22,482.409485
2024-02-23,480.325562
2024-02-26,478.053101
2024-02-27,483.322388
2024-02-28,480.315613
2024-02-29,486.378845
2024-03-01,498.455750
2024-03-04,494.377167
2024-03-05,486.468170
2024-03-06,492.293213
2024-03-07,508.270081
2024-03-08,502.077789
2024-03-11,479.888885
2024-03-12,495.925232
2024-03-13,491.777252
2024-03-14,488.065857
2024-03-15,480.395020
2024-03-18,493.176483
2024-03-19,492.442078
2024-03-20,501.651093
2024-03-21,503.873962
2024-03-22,505.679993
2024-03-25,499.170288
2024-03-26,492.094849
2024-03-27,490.080322
2024-03-28,481.863678
2024-04-01,487.589508
2024-04-02,493.563477
2024-04-03,502.861694
2024-04-04,507.009735
2024-04-05,523.304138
2024-04-08,515.275879
2024-04-09,512.944031
2024-04-10,515.851562
2024-04-11,519.156067
2024-04-12,507.982239
2024-04-15,496.401550
2024-04-16,495.935150
2024-04-17,490.387970
2024-04-18,497.959564
2024-04-19,477.388214
2024-04-22,478.043152
2024-04-23,492.303192
2024-04-24,489.723053
2024-04-25,438.001984
2024-04-26,439.897400
2024-04-29,429.308990
2024-04-30,426.877777
2024-05-01,435.828766
2024-05-02,438.299652
2024-05-03,448.501007
2024-05-06,462.115997
2024-05-07,464.656372
2024-05-08,468.983032
2024-05-09,471.781494
2024-05-10,472.555511
2024-05-13,464.428101
2024-05-14,468.238708
2024-05-15,477.854614
2024-05-16,469.608246
2024-05-17,468.298340
2024-05-20,465.251770
2024-05-21,461.074036
2024-05-22,464.199860
2024-05-23,462.215240
2024-05-24,474.560028
2024-05-28,476.247040
2024-05-29,470.729553
2024-05-30,463.475525
2024-05-31,463.257141
2024-06-03,473.835602
2024-06-04,473.339386
2024-06-05,491.271179
2024-06-06,489.981110
2024-06-07,489.187225
2024-06-10,498.753448
2024-06-11,503.586151
2024-06-12,504.945679
2024-06-13,500.241943
2024-06-14,500.798248
2024-06-17,503.251770
2024-06-18,496.159332
2024-06-20,498.354645
2024-06-21,491.480743
2024-06-24,495.583221
2024-06-25,507.195282
2024-06-26,509.698456
2024-06-27,516.095459
2024-06-28,500.857788
2024-07-01,501.314758
2024-07-02,506.102631
2024-07-03,506.559509
2024-07-05,536.309875
2024-07-08,525.790405
2024-07-09,526.465942
2024-07-10,531.124634
2024-07-11,509.281311
2024-07-12,495.543457
2024-07-15,492.851593
2024-07-16,486.524078
2024-07-17,458.909424
2024-07-18,472.677032
2024-07-19,473.610718
2024-07-22,484.150024
2024-07-23,485.431366
2024-07-24,458.194214
2024-07-25,450.386658
2024-07-26,462.594696
2024-07-29,462.604614
2024-07-30,460.101410
2024-07-31,471.663757
2024-08-01,494.421021
2024-08-02,484.885040
2024-08-05,472.557831
2024-08-06,490.795380
2024-08-07,485.659851
2024-08-08,506.231750
2024-08-09,514.317444
2024-08-12,512.509644
2024-08-13,525.015625
2024-08-14,523.247498
2024-08-15,533.747070
2024-08-16,523.903076
2024-08-19,525.750793
2024-08-20,523.217712
2024-08-21,531.591431
2024-08-22,528.383057
2024-08-23,524.479309
2024-08-26,517.645020
2024-08-27,515.638550
2024-08-28,513.334167
2024-08-29,514.764465
2024-08-30,517.833862
2024-09-03,508.347534
2024-09-04,509.321014
2024-09-05,513.413635
2024-09-06,496.934143
2024-09-09,501.424042
2024-09-10,501.424042
2024-09-11,508.417053
2024-09-12,522.095154
2024-09-13,521.121826
2024-09-16,530.229492
2024-09-17,533.252014
2024-09-18,534.872559
2024-09-19,555.901733
2024-09-20,558.138855
2024-09-23,561.181335
2024-09-24,560.107544
2024-09-25,565.059082
2024-09-26,564.591736
2024-09-27,564.114441
2024-09-30,569.165405
2024-10-01,573.172241
2024-10-02,569.533264
2024-10-03,579.436279
2024-10-04,592.530884
2024-10-07,581.434814
2024-10-08,589.498474
2024-10-09,587.132080
2024-10-10,580.490234
2024-10-11,586.575134
2024-10-14,587.042542
2024-10-15,582.916321
2024-10-16,573.490479
2024-10-17,573.629700
2024-10-18,573.172241
2024-10-21,571.869812
2024-10-22,578.680603
2024-10-23,560.465454
2024-10-24,564.532104
2024-10-25,569.970825
2024-10-28,574.852600
2024-10-29,589.886230
2024-10-30,588.414612
2024-10-31,564.333252
2024-11-01,563.915588
2024-11-04,557.472656
2024-11-05,569.155396
2024-11-06,568.777588
2024-11-07,588.315186
2024-11-08,585.968628
2024-11-11,579.834045
2024-11-12,581.474609
2024-11-13,576.682190
2024-11-14,573.858459
2024-11-15,550.910461
2024-11-18,551.228577
2024-11-19,557.880371
2024-11-20,562.285095
2024-11-21,559.868958
2024-11-22,555.941467
2024-11-25,561.877319
2024-11-26,570.258972
2024-11-27,565.943909
2024-11-29,571.034729
2024-12-02,589.438660
2024-12-03,610.139587
2024-12-04,610.268921
2024-12-05,605.446655
2024-12-06,620.201782
2024-12-09,610.060120
2024-12-10,615.777222
2024-12-11,629.060791
2024-12-12,627.181580
2024-12-13,616.801208
2024-12-16,621.169800
2024-12-17,616.393311
2024-12-18,594.252747
2024-12-19,592.640808
2024-12-20,582.371460
2024-12-23,596.899658
2024-12-24,604.760803
2024-12-26,600.382446
2024-12-27,596.859863
2024-12-30,588.331970
2024-12-31,582.630188
2025-01-02,596.292603
2025-01-03,601.656189
2025-01-06,627.100403
2025-01-07,614.851013
2025-01-08,607.716187
2025-01-10,612.830811
2025-01-13,605.338013
2025-01-14,591.327271
2025-01-15,614.084778
2025-01-16,608.293335
2025-01-17,609.756165
2025-01-21,613.427979
2025-01-22,620.433350
2025-01-23,633.319702
2025-01-24,644.305298
2025-01-27,656.634399
2025-01-28,671.013306
2025-01-29,673.162781
2025-01-30,683.621033
2025-01-31,685.790344
2025-02-03,694.029724
2025-02-04,700.726440
2025-02-05,701.403137
2025-02-06,708.488159
2025-02-07,711.005676
2025-02-10,713.871582
2025-02-11,716.259705
2025-02-12,721.812256
2025-02-13,724.976685
2025-02-14,733.046753
2025-02-18,712.846619
2025-02-19,700.308594
2025-02-20,691.422485
2025-02-21,680.187988
2025-02-24,664.843872
2025-02-25,654.266174
2025-02-26,670.386475
2025-02-27,655.002502
2025-02-28,664.913513
2025-03-03,651.828186
2025-03-04,636.852234
2025-03-05,653.241150
2025-03-06,624.841553
2025-03-07,622.582703
2025-03-10,595.048889
2025-03-11,602.730957
2025-03-12,616.512695
2025-03-13,587.734985
2025-03-14,605.149475
2025-03-17,602.460388
2025-03-18,580.011230
2025-03-19,581.704407
2025-03-20,583.636597
2025-03-21,593.845215
2025-03-24,616.354004
2025-03-25,623.783997
2025-03-26,608.515808
2025-03-27,600.149658
2025-03-28,574.413940
2025-03-31,574.035400
2025-04-01,583.636597
2025-04-02,581.574890
2025-04-03,529.475830
2025-04-04,502.694397
2025-04-07,514.167847
2025-04-08,508.391296
2025-04-09,583.407532
2025-04-10,544.086670
2025-04-11,541.377747
2025-04-14,529.336426
2025-04-15,519.416687
2025-04-16,500.284088
2025-04-17,499.457458
2025-04-21,482.705292
2025-04-22,498.262299
2025-04-23,518.171753
2025-04-24,530.999817
2025-04-25,545.062805
2025-04-28,547.522827
2025-04-29,552.203918
2025-04-30,546.785767
2025-05-01,569.902283
2025-05-02,594.612183
2025-05-05,596.853149
2025-05-06,584.941284
2025-05-07,594.402954
2025-05-08,595.598206
2025-05-09,590.100403
2025-05-12,636.851074
2025-05-13,653.384094
2025-05-14,656.700684
2025-05-15,641.283203
2025-05-16,637.757446
2025-05-19,637.847046
2025-05-20,634.530518
2025-05-21,632.936890
2025-05-22,634.002686
2025-05-23,624.530945
2025-05-27,639.729370
2025-05-28,640.984436
2025-05-29,642.448364
2025-05-30,644.878479
2025-06-02,668.194153
2025-06-03,664.160461
2025-06-04,685.175415
2025-06-05,681.858826
2025-06-06,694.896057
2025-06-09,691.260742
2025-06-10,699.567139
2025-06-11,691.340454
2025-06-12,690.563538
2025-06-13,680.115845
2025-06-16,699.826294
2025-06-17,694.952271
2025-06-18,693.497009
2025-06-20,680.120789
2025-06-23,696.248108
2025-06-24,709.873352
2025-06-25,706.364868
2025-06-26,723.718018
2025-06-27,731.233398
2025-06-30,735.678833
2025-07-01,716.870483
2025-07-02,711.238953
2025-07-03,716.661133
2025-07-07,716.003235
2025-07-08,718.315674
2025-07-09,730.386230
2025-07-10,724.864258
2025-07-11,715.166077
2025-07-14,718.564880
2025-07-15,708.069275
2025-07-16,700.613647
2025-07-17,699.118591
2025-07-18,701.979248
2025-07-21,710.640869
2025-07-22,702.507568
2025-07-23,711.248901
2025-07-24,712.464844
2025-07-25,710.351807
2025-07-28,715.285645
2025-07-29,697.713257
2025-07-30,692.938904
2025-07-31,770.913330
2025-08-01,747.559875
2025-08-04,773.833740
2025-08-05,760.965942
2025-08-06,769.468079
2025-08-07,759.341248
2025-08-08,766.786865
2025-08-11,763.367981
2025-08-12,787.419250
2025-08-13,777.531677
2025-08-14,779.574890
2025-08-15,782.664795
2025-08-18,764.863159
2025-08-19,749.025024
2025-08-20,745.277283
2025-08-21,736.685486
2025-08-22,752.324219
2025-08-25,750.839111
2025-08-26,751.636475
2025-08-27,744.938477
2025-08-28,748.656250
2025-08-29,736.286865
2025-09-02,732.708557
2025-09-03,734.642212
2025-09-04,746.204285
2025-09-05,749.991882
2025-09-08,749.842346
2025-09-09,763.198547
2025-09-10,749.523438
2025-09-11,748.446960
2025-09-12,753.121643
2025-09-15,762.201843
2025-09-16,776.455200
2025-09-17,773.185852
2025-09-18,777.701050
2025-09-19,775.837219
2025-09-22,763.175110
2025-09-23,753.440491
2025-09-24,758.686768
2025-09-25,746.967224
2025-09-26,741.820618
2025-09-29,741.471619
2025-09-30,732.474915
2025-10-01,715.479187
2025-10-02,725.163940
2025-10-03,708.716736
2025-10-06,713.803528
2025-10-07,711.230225
2025-10-08,715.977905
2025-10-09,731.607239
2025-10-10,703.470398
2025-10-13,713.843384
2025-10-14,706.811768
2025-10-15,715.688599
2025-10-16,710.222839
2025-10-17,715.060242
2025-10-20,730.270691
2025-10-21,731.367859
2025-10-22,731.507446
2025-10-23,732.095947
2025-10-24,736.444580
2025-10-27,748.872314
2025-10-28,749.490723
2025-10-29,749.720154
2025-10-30,664.741089
2025-10-31,646.668091
2025-11-03,636.055786
2025-11-04,625.692688
2025-11-05,634.300293
2025-11-06,617.334412
2025-11-07,620.097229
2025-11-10,630.121155
2025-11-11,625.453369
2025-11-12,607.430176
2025-11-13,608.307922
2025-11-14,607.879028
2025-11-17,600.448303
2025-11-18,596.139587
2025-11-19,588.788635
2025-11-20,587.621765
2025-11-21,592.708496
2025-11-24,611.459717
2025-11-25,634.569580
2025-11-26,631.966431
2025-11-28,646.269165
2025-12-01,639.207581
2025-12-02,645.421326
2025-12-03,637.940857
2025-12-04,659.813965
2025-12-05,671.673096
2025-12-08,665.070251
2025-12-09,655.255798
2025-12-10,648.443481
2025-12-11,651.016846
2025-12-12,642.558838
2025-12-15,646.357056
2025-12-16,655.979919
2025-12-17,648.343506
2025-12-18,663.266846
2025-12-19,657.596985
2025-12-22,660.322144
2025-12-23,663.755981
2025-12-24,666.361328
2025-12-26,662.108948
2025-12-29,657.517151
2025-12-30,664.764221
2025-12-31,658.914612
2026-01-02,649.251831
2026-01-05,657.616943
2026-01-06,659.443665
2026-01-07,647.534912
2026-01-08,644.909607
2026-01-09,651.897156
2026-01-12,640.826843
2026-01-13,629.966309
2026-01-14,614.424011
2026-01-15,619.694580
2026-01-16,619.145569
2026-01-20,603.044312
2026-01-21,611.868591
2026-01-22,646.476807
2026-01-23,657.587036
2026-01-26,671.162720
2026-01-27,671.771667
2026-01-28,667.539185
2026-01-29,736.995361
2026-01-30,715.224182
2026-02-02,705.152100
2026-02-03,690.468323
2026-02-04,667.798828
2026-02-05,669.016663
2026-02-06,660.282227
2026-02-09,676.014099
2026-02-10,669.525635
2026-02-11,667.499329
2026-02-12,648.652954
2026-02-13,638.630798
2026-02-17,638.151672
2026-02-18,642.074646
2026-02-19,643.631897
2026-02-20,654.492554
2026-02-23,636.115356
2026-02-24,638.161682
2026-02-25,652.526001
2026-02-26,655.840149
2026-02-27,647.025818
2026-03-02,652.396240
2026-03-03,653.913574
2026-03-04,666.541016
2026-03-05,659.393799
2026-03-06,643.711731
2026-03-09,646.237244
2026-03-10,652.905396
2026-03-11,653.693970
2026-03-12,637.043701
2026-03-13,612.617188
2026-03-16,626.869019
2026-03-17,622.083435
2026-03-18,615.109924
2026-03-19,606.138245
2026-03-20,593.110291
2026-03-23,603.500671
2026-03-24,592.370972
2026-03-25,594.339172
2026-03-26,547.032959
2026-03-27,525.233154
2026-03-30,535.883362
2026-03-31,571.600220
2026-04-01,578.693665
2026-04-02,573.928101
2026-04-06,572.489441
2026-04-07,574.517517
2026-04-08,611.852905
2026-04-09,627.808167
2026-04-10,629.276733
2026-04-13,633.942505
2026-04-14,661.876526
2026-04-15,670.958191
2026-04-16,676.243225
2026-04-17,687.912415
2026-04-20,670.288757
2026-04-21,668.220703
2026-04-22,674.095215
2026-04-23,658.539673
2026-04-24,674.404968
2026-04-27,677.991638
2026-04-28,670.718384
2026-04-29,668.500427
2026-04-30,611.343384
2026-05-01,608.186340
2026-05-04,609.844788
2026-05-05,604.399841
2026-05-06,612.312500
2026-05-07,616.238831
2026-05-08,609.065491
2026-05-11,598.305481
2026-05-12,602.441650
2026-05-13,616.059021
2026-05-14,617.857361
2026-05-15,613.661255
2026-05-18,610.644043
2026-05-19,602.052002
2026-05-20,604.499756
2026-05-21,606.817566
2026-05-22,609.694946
2026-05-26,611.773010
2026-05-27,634.671814
2026-05-28,634.701721
2026-05-29,631.924316
2026-06-01,599.913940
2026-06-02,597.076599
2026-06-03,622.403137
2026-06-04,626.988892
2026-06-05,592.450928
2026-06-08,584.847961
2026-06-09,584.048706
2026-06-10,570.451294
2026-06-11,567.903625
2026-06-12,566.454956
2026-06-15,593.479980
2026-06-16,600.210022
2026-06-17,567.580017
2026-06-18,577.219971
2026-06-22,563.849976
2026-06-23,562.200012
2026-06-24,557.669983
2026-06-25,542.869995
2026-06-26,550.250000
2026-06-29,562.599976
2026-06-30,563.289978
2026-07-01,612.909973
2026-07-02,582.900024
2026-07-06,600.289978
2026-07-07,615.580017
2026-07-08,603.119995
2026-07-09,631.479980
2026-07-10,669.210022
2026-07-13,656.729980
2026-07-14,661.039978
2026-07-15,681.309998
2026-07-16,664.539978
2026-07-17,646.010010
2026-07-20,645.849976
2026-07-21,643.809998
2026-07-22,627.169983
2026-07-23,606.099976
2026-07-24,595.190002
2026-07-27,593.869995
2026-07-28,593.409973
2026-07-29,585.609985
2026-07-30,539.030029
2026-07-31,556.710022
2026-08-03,590.239990
2026-08-04,587.940002
2026-08-05,588.770020
2026-08-06,589.900024
2026-08-07,592.099976
2026-08-10,594.919983
2026-08-11,599.119995
2026-08-12,578.849976
2026-08-13,594.969971
2026-08-14,589.849976
2026-08-17,568.969971
2026-08-18,543.669983
2026-08-19,546.030029
2026-08-20,545.830017
2026-08-21,549.900024
2026-08-24,559.020020
2026-08-25,570.049988
2026-08-26,576.140015
2026-08-27,571.099976
2026-08-28,578.020020
2026-08-31,572.340027
2026-09-01,578.539978
2026-09-02,592.849976
2026-09-03,610.679993
2026-09-04,616.770020
2026-09-08,613.479980
2026-09-09,653.690002
2026-09-10,644.380005
2026-09-11,648.030029
